{
 "properties": {
  "field_size": [
   1000,
   200
  ],
  "water_depth": 50.0
 },
 "ice": {
  "1570": {
   "location": [
    759,
    50
   ],
   "yaw": 114,
   "thickness": 1.0,
   "density": 900.0,
   "compressive_strength": 1200.0,
   "flexural_strength": 500.0,
   "elasticity": 4000.0,
   "friction": 0.05,
   "type": "polygon",
   "perimeter": [
    [
     26.38968672911411,
     -1.0189716870952779
    ],
    [
     4.923317937467848,
     -22.788297879298106
    ],
    [
     -15.273258997916079,
     -17.82932735127865
    ],
    [
     -21.618134032780144,
     -10.815121071417146
    ],
    [
     -24.638023068632616,
     2.084882922789517
    ],
    [
     -3.0973565827228846,
     23.51111651691052
    ],
    [
     8.506847831908296,
     22.722120489772994
    ],
    [
     26.43359786764717,
     0.3541172512321394
    ]
   ]
  },
  "1571": {
   "location": [
    905.9600423449226,
    178.5671314739715
   ],
   "yaw": 0.0,
   "thickness": 1.0,
   "density": 900.0,
   "compressive_strength": 1200.0,
   "flexural_strength": 500.0,
   "elasticity": 4000.0,
   "friction": 0.05,
   "type": "polygon",
   "perimeter": [
    [
     0.16275285752067248,
     54.034851407966926
    ],
    [
     17.13628174411815,
     21.558791289235415
    ],
    [
     17.03245357591186,
     -20.170238881983636
    ],
    [
     9.826427121848951,
     -43.63266063695309
    ],
    [
     9.215213536160263,
     -44.40763918458455
    ],
    [
     4.754416919604864,
     -44.18957057411362
    ],
    [
     0.9048338887383807,
     -43.196523416011246
    ],
    [
     -5.571905001617097,
     -39.66047200454355
    ],
    [
     -16.08052843957296,
     -29.488454991082364
    ],
    [
     -19.50545862107117,
     4.9955722905068285
    ],
    [
     -19.26821534787814,
     10.249910268571483
    ],
    [
     -9.867698293714511,
     32.15681865491521
    ],
    [
     -5.009956242364751,
     43.10305393976407
    ],
    [
     -2.502343454556012,
     48.57256212802699
    ],
    [
     -1.2091661795845994,
     51.305511495077695
    ],
    [
     -0.5428921015654851,
     52.6710838150627
    ],
    [
     -0.1999123422891671,
     53.35341879328499
    ],
    [
     -0.023501102517684558,
     53.69436069151104
    ],
    [
     0.0671651974348606,
     53.86471884518153
    ],
    [
     0.11372868744444986,
     53.94984152429552
    ],
    [
     0.13762560246595967,
     53.99237466499187
    ],
    [
     0.14988164498504375,
     54.01362713590973
    ],
    [
     0.1561634587486651,
     54.02424632165349
    ],
    [
     0.1593812618825723,
     54.02955238966777
    ],
    [
     0.16102861157560255,
     54.03220366124614
    ],
    [
     0.16187151048507076,
     54.03352841582094
    ],
    [
     0.1627336334577194,
     54.034852289181316
    ]
   ]
  },
  "1572": {
   "location": [
    443.2001480075288,
    86.3264064589078
   ],
   "yaw": 0.0,
   "thickness": 1.0,
   "density": 900.0,
   "compressive_strength": 1200.0,
   "flexural_strength": 500.0,
   "elasticity": 4000.0,
   "friction": 0.05,
   "type": "polygon",
   "perimeter": [
    [
     -57.039287938657424,
     33.83432838626753
    ],
    [
     -16.98999509739633,
     29.80688406171629
    ],
    [
     51.88079786632733,
     -4.109729943214063
    ],
    [
     56.09993667327376,
     -14.628829311565596
    ],
    [
     46.01976235985876,
     -28.868339077536824
    ],
    [
     31.720449239497327,
     -32.58874947515653
    ],
    [
     -0.8322131989392574,
     -26.621793695620518
    ],
    [
     -36.862568085149405,
     -0.729591663516743
    ],
    [
     -50.91433677007899,
     14.38443885695527
    ],
    [
     -55.95851673345601,
     23.025418869401335
    ],
    [
     -57.489754525600574,
     27.8878912517294
    ],
    [
     -57.75994732690094,
     30.590118630945952
    ],
    [
     -57.534714033429395,
     33.56333719821501
    ]
   ]
  },
  "1573": {
   "location": [
    65.97365900970276,
    40.71645713044321
   ],
   "yaw": 0.0,
   "thickness": 1.0,
   "density": 900.0,
   "compressive_strength": 1200.0,
   "flexural_strength": 500.0,
   "elasticity": 4000.0,
   "friction": 0.05,
   "type": "polygon",
   "perimeter": [
    [
     -14.346609748524621,
     -25.813163488901456
    ],
    [
     -17.160426184983223,
     -11.146902678439094
    ],
    [
     -5.42802735738578,
     20.957470899964576
    ],
    [
     -2.3937181899138693,
     23.150393916356983
    ],
    [
     6.693061939374573,
     22.14902419389969
    ],
    [
     12.745532901191126,
     18.954731455049988
    ],
    [
     18.781856489880397,
     8.180299944565753
    ],
    [
     17.081922228289216,
     -1.222533181797239
    ],
    [
     3.8551145134231604,
     -15.678675616719339
    ],
    [
     -4.0020184807803005,
     -21.826333193495394
    ],
    [
     -8.55244954626724,
     -24.359955161540924
    ],
    [
     -11.138597363203324,
     -25.35666273539244
    ],
    [
     -14.03567746433201,
     -26.083266899072704
    ]
   ]
  },
  "1574": {
   "location": [
    933.4310087528698,
    76.83895630740494
   ],
   "yaw": 0.0,
   "thickness": 1.0,
   "density": 900.0,
   "compressive_strength": 1200.0,
   "flexural_strength": 500.0,
   "elasticity": 4000.0,
   "friction": 0.05,
   "type": "polygon",
   "perimeter": [
    [
     -38.54480500013358,
     7.073205446646966
    ],
    [
     -23.39874989393229,
     25.543472976583615
    ],
    [
     29.706002698377233,
     17.03216731847897
    ],
    [
     36.73891350203337,
     0.5388533985128419
    ],
    [
     30.631593066855316,
     -19.88700863832038
    ],
    [
     11.913328648131028,
     -26.867726223568837
    ],
    [
     -23.252676229638837,
     -16.69883393569433
    ],
    [
     -39.70041668868441,
     0.45077593742863087
    ]
   ]
  },
  "1575": {
   "location": [
    557.0209767319109,
    123.13195151356356
   ],
   "yaw": 0.0,
   "thickness": 1.0,
   "density": 900.0,
   "compressive_strength": 1200.0,
   "flexural_strength": 500.0,
   "elasticity": 4000.0,
   "friction": 0.05,
   "type": "polygon",
   "perimeter": [
    [
     49.772707611587066,
     32.99299373750162
    ],
    [
     39.82881187991984,
     10.291328115300189
    ],
    [
     -0.8273012191092448,
     -28.75594081097455
    ],
    [
     -21.229080209495237,
     -37.396186865570925
    ],
    [
     -33.26833778963089,
     -36.132194614502424
    ],
    [
     -47.145963454709204,
     -29.284087085067227
    ],
    [
     -48.984331539651805,
     -23.699971806700546
    ],
    [
     -21.410348075288084,
     10.416963620879358
    ],
    [
     6.500669900932962,
     31.34352606733924
    ],
    [
     27.13568479817468,
     35.58509108089041
    ],
    [
     37.95369422583815,
     35.997457998431
    ],
    [
     43.612949929191245,
     35.349433662583806
    ],
    [
     49.52245662206565,
     33.8472015321191
    ]
   ]
  },
  "1576": {
   "location": [
    85.60491572905053,
    117.48431262332133
   ],
   "yaw": 0.0,
   "thickness": 1.0,
   "density": 900.0,
   "compressive_strength": 1200.0,
   "flexural_strength": 500.0,
   "elasticity": 4000.0,
   "friction": 0.05,
   "type": "polygon",